Year,Category,Athlete,ImageURL,alpha_3,Time,url,Nationality
1981,Men,Dick Beardsley (Tie),https://upload.wikimedia.org/wikipedia/en/a/a4/Flag_of_the_United_States.svg,USA,02:11:48,https://raw.githubusercontent.com/cristiroma/countries/master/data/flags/PNG-128/US-128.png,United States
1981,Men,Inge Simonsen (Tie),https://upload.wikimedia.org/wikipedia/commons/d/d9/Flag_of_Norway.svg,NOR,02:11:48,https://raw.githubusercontent.com/cristiroma/countries/master/data/flags/PNG-128/NO-128.png,Norway
1982,Men,Hugh Jones,https://upload.wikimedia.org/wikipedia/en/a/ae/Flag_of_the_United_Kingdom.svg,UK,02:09:24,https://raw.githubusercontent.com/cristiroma/countries/master/data/flags/PNG-128/UK-128.png,United Kingdom
1983,Men,Mike Gratton,https://upload.wikimedia.org/wikipedia/en/a/ae/Flag_of_the_United_Kingdom.svg,UK,02:09:43,https://raw.githubusercontent.com/cristiroma/countries/master/data/flags/PNG-128/UK-128.png,United Kingdom
1984,Men,Charlie Spedding,https://upload.wikimedia.org/wikipedia/en/a/ae/Flag_of_the_United_Kingdom.svg,UK,02:09:57,https://raw.githubusercontent.com/cristiroma/countries/master/data/flags/PNG-128/UK-128.png,United Kingdom
1985,Men,Steve Jones,https://upload.wikimedia.org/wikipedia/en/a/ae/Flag_of_the_United_Kingdom.svg,UK,02:08:16,https://raw.githubusercontent.com/cristiroma/countries/master/data/flags/PNG-128/UK-128.png,United Kingdom
1986,Men,Toshihiko Seko,https://upload.wikimedia.org/wikipedia/en/9/9e/Flag_of_Japan.svg,JPN,02:10:02,https://raw.githubusercontent.com/cristiroma/countries/master/data/flags/PNG-128/JP-128.png,Japan
1987,Men,Hiromi Taniguchi,https://upload.wikimedia.org/wikipedia/en/9/9e/Flag_of_Japan.svg,JPN,02:09:50,https://raw.githubusercontent.com/cristiroma/countries/master/data/flags/PNG-128/JP-128.png,Japan
1988,Men,Henrik Jørgensen,https://upload.wikimedia.org/wikipedia/commons/9/9c/Flag_of_Denmark.svg,DNK,02:10:20,https://raw.githubusercontent.com/cristiroma/countries/master/data/flags/PNG-128/DK-128.png,Denmark
1989,Men,Douglas Wakiihuri,https://upload.wikimedia.org/wikipedia/commons/4/49/Flag_of_Kenya.svg,KEN,02:09:03,https://raw.githubusercontent.com/cristiroma/countries/master/data/flags/PNG-128/KE-128.png,Kenya
1990,Men,Allister Hutton,https://upload.wikimedia.org/wikipedia/en/a/ae/Flag_of_the_United_Kingdom.svg,UK,02:10:10,https://raw.githubusercontent.com/cristiroma/countries/master/data/flags/PNG-128/UK-128.png,United Kingdom
1991,Men,Yakov Tolstikov,NA,NA,02:09:17,NA,Soviet Union
1992,Men,António Pinto,https://upload.wikimedia.org/wikipedia/commons/5/5c/Flag_of_Portugal.svg,PRT,02:10:02,https://raw.githubusercontent.com/cristiroma/countries/master/data/flags/PNG-128/PT-128.png,Portugal
1993,Men,Eamonn Martin,https://upload.wikimedia.org/wikipedia/en/a/ae/Flag_of_the_United_Kingdom.svg,UK,02:10:50,https://raw.githubusercontent.com/cristiroma/countries/master/data/flags/PNG-128/UK-128.png,United Kingdom
1994,Men,Dionicio Cerón,https://upload.wikimedia.org/wikipedia/commons/f/fc/Flag_of_Mexico.svg,MEX,02:08:53,https://raw.githubusercontent.com/cristiroma/countries/master/data/flags/PNG-128/MX-128.png,Mexico
1995,Men,Dionicio Cerón,https://upload.wikimedia.org/wikipedia/commons/f/fc/Flag_of_Mexico.svg,MEX,02:08:30,https://raw.githubusercontent.com/cristiroma/countries/master/data/flags/PNG-128/MX-128.png,Mexico
1996,Men,Dionicio Cerón,https://upload.wikimedia.org/wikipedia/commons/f/fc/Flag_of_Mexico.svg,MEX,02:10:00,https://raw.githubusercontent.com/cristiroma/countries/master/data/flags/PNG-128/MX-128.png,Mexico
1997,Men,António Pinto,https://upload.wikimedia.org/wikipedia/commons/5/5c/Flag_of_Portugal.svg,PRT,02:07:55,https://raw.githubusercontent.com/cristiroma/countries/master/data/flags/PNG-128/PT-128.png,Portugal
1998,Men,Abel Antón,https://upload.wikimedia.org/wikipedia/en/9/9a/Flag_of_Spain.svg,ESP,02:07:57,https://raw.githubusercontent.com/cristiroma/countries/master/data/flags/PNG-128/ES-128.png,Spain
1999,Men,Abdelkader El Mouaziz,https://upload.wikimedia.org/wikipedia/commons/2/2c/Flag_of_Morocco.svg,MAR,02:07:57,https://raw.githubusercontent.com/cristiroma/countries/master/data/flags/PNG-128/MA-128.png,Morocco
2000,Men,António Pinto,https://upload.wikimedia.org/wikipedia/commons/5/5c/Flag_of_Portugal.svg,PRT,02:06:36,https://raw.githubusercontent.com/cristiroma/countries/master/data/flags/PNG-128/PT-128.png,Portugal
2001,Men,Abdelkader El Mouaziz,https://upload.wikimedia.org/wikipedia/commons/2/2c/Flag_of_Morocco.svg,MAR,02:07:09,https://raw.githubusercontent.com/cristiroma/countries/master/data/flags/PNG-128/MA-128.png,Morocco
2002,Men,Khalid Khannouchi,https://upload.wikimedia.org/wikipedia/en/a/a4/Flag_of_the_United_States.svg,USA,02:05:38,https://raw.githubusercontent.com/cristiroma/countries/master/data/flags/PNG-128/US-128.png,United States
2003,Men,Gezahegne Abera,https://upload.wikimedia.org/wikipedia/commons/7/71/Flag_of_Ethiopia.svg,ETH,02:07:56,https://raw.githubusercontent.com/cristiroma/countries/master/data/flags/PNG-128/ET-128.png,Ethiopia
2004,Men,Evans Rutto,https://upload.wikimedia.org/wikipedia/commons/4/49/Flag_of_Kenya.svg,KEN,02:06:18,https://raw.githubusercontent.com/cristiroma/countries/master/data/flags/PNG-128/KE-128.png,Kenya
2005,Men,Martin Lel,https://upload.wikimedia.org/wikipedia/commons/4/49/Flag_of_Kenya.svg,KEN,02:07:35,https://raw.githubusercontent.com/cristiroma/countries/master/data/flags/PNG-128/KE-128.png,Kenya
2006,Men,Felix Limo,https://upload.wikimedia.org/wikipedia/commons/4/49/Flag_of_Kenya.svg,KEN,02:06:39,https://raw.githubusercontent.com/cristiroma/countries/master/data/flags/PNG-128/KE-128.png,Kenya
2007,Men,Martin Lel,https://upload.wikimedia.org/wikipedia/commons/4/49/Flag_of_Kenya.svg,KEN,02:07:41,https://raw.githubusercontent.com/cristiroma/countries/master/data/flags/PNG-128/KE-128.png,Kenya
2008,Men,Martin Lel,https://upload.wikimedia.org/wikipedia/commons/4/49/Flag_of_Kenya.svg,KEN,02:05:15,https://raw.githubusercontent.com/cristiroma/countries/master/data/flags/PNG-128/KE-128.png,Kenya
2009,Men,Samuel Wanjiru,https://upload.wikimedia.org/wikipedia/commons/4/49/Flag_of_Kenya.svg,KEN,02:05:10,https://raw.githubusercontent.com/cristiroma/countries/master/data/flags/PNG-128/KE-128.png,Kenya
2010,Men,Tsegaye Kebede,https://upload.wikimedia.org/wikipedia/commons/7/71/Flag_of_Ethiopia.svg,ETH,02:05:19,https://raw.githubusercontent.com/cristiroma/countries/master/data/flags/PNG-128/ET-128.png,Ethiopia
2011,Men,Emmanuel Kipchirchir Mutai,https://upload.wikimedia.org/wikipedia/commons/4/49/Flag_of_Kenya.svg,KEN,02:04:40,https://raw.githubusercontent.com/cristiroma/countries/master/data/flags/PNG-128/KE-128.png,Kenya
2012,Men,Wilson Kipsang Kiprotich,https://upload.wikimedia.org/wikipedia/commons/4/49/Flag_of_Kenya.svg,KEN,02:04:44,https://raw.githubusercontent.com/cristiroma/countries/master/data/flags/PNG-128/KE-128.png,Kenya
2013,Men,Tsegaye Kebede,https://upload.wikimedia.org/wikipedia/commons/7/71/Flag_of_Ethiopia.svg,ETH,02:06:04,https://raw.githubusercontent.com/cristiroma/countries/master/data/flags/PNG-128/ET-128.png,Ethiopia
2014,Men,Wilson Kipsang Kiprotich,https://upload.wikimedia.org/wikipedia/commons/4/49/Flag_of_Kenya.svg,KEN,02:04:29,https://raw.githubusercontent.com/cristiroma/countries/master/data/flags/PNG-128/KE-128.png,Kenya
2015,Men,Eliud Kipchoge,https://upload.wikimedia.org/wikipedia/commons/4/49/Flag_of_Kenya.svg,KEN,02:04:42,https://raw.githubusercontent.com/cristiroma/countries/master/data/flags/PNG-128/KE-128.png,Kenya
2016,Men,Eliud Kipchoge,https://upload.wikimedia.org/wikipedia/commons/4/49/Flag_of_Kenya.svg,KEN,02:03:05,https://raw.githubusercontent.com/cristiroma/countries/master/data/flags/PNG-128/KE-128.png,Kenya
2017,Men,Daniel Wanjiru,https://upload.wikimedia.org/wikipedia/commons/4/49/Flag_of_Kenya.svg,KEN,02:05:48,https://raw.githubusercontent.com/cristiroma/countries/master/data/flags/PNG-128/KE-128.png,Kenya
2018,Men,Eliud Kipchoge,https://upload.wikimedia.org/wikipedia/commons/4/49/Flag_of_Kenya.svg,KEN,02:04:17,https://raw.githubusercontent.com/cristiroma/countries/master/data/flags/PNG-128/KE-128.png,Kenya
2019,Men,Eliud Kipchoge,https://upload.wikimedia.org/wikipedia/commons/4/49/Flag_of_Kenya.svg,KEN,02:02:37,https://raw.githubusercontent.com/cristiroma/countries/master/data/flags/PNG-128/KE-128.png,Kenya
2020,Men,Shura Kitata Tola,https://upload.wikimedia.org/wikipedia/commons/7/71/Flag_of_Ethiopia.svg,ETH,02:05:58,https://raw.githubusercontent.com/cristiroma/countries/master/data/flags/PNG-128/ET-128.png,Ethiopia
2021,Men,Sisay Lemma,https://upload.wikimedia.org/wikipedia/commons/7/71/Flag_of_Ethiopia.svg,ETH,02:04:01,https://raw.githubusercontent.com/cristiroma/countries/master/data/flags/PNG-128/ET-128.png,Ethiopia
2022,Men,Amos Kipruto,https://upload.wikimedia.org/wikipedia/commons/4/49/Flag_of_Kenya.svg,KEN,02:04:39,https://raw.githubusercontent.com/cristiroma/countries/master/data/flags/PNG-128/KE-128.png,Kenya
1981,Women,Joyce Smith,https://upload.wikimedia.org/wikipedia/en/a/ae/Flag_of_the_United_Kingdom.svg,UK,02:29:57,https://raw.githubusercontent.com/cristiroma/countries/master/data/flags/PNG-128/UK-128.png,United Kingdom
1982,Women,Joyce Smith,https://upload.wikimedia.org/wikipedia/en/a/ae/Flag_of_the_United_Kingdom.svg,UK,02:29:43,https://raw.githubusercontent.com/cristiroma/countries/master/data/flags/PNG-128/UK-128.png,United Kingdom
1983,Women,Grete Waitz,https://upload.wikimedia.org/wikipedia/commons/d/d9/Flag_of_Norway.svg,NOR,02:25:29,https://raw.githubusercontent.com/cristiroma/countries/master/data/flags/PNG-128/NO-128.png,Norway
1984,Women,Ingrid Kristiansen,https://upload.wikimedia.org/wikipedia/commons/d/d9/Flag_of_Norway.svg,NOR,02:24:26,https://raw.githubusercontent.com/cristiroma/countries/master/data/flags/PNG-128/NO-128.png,Norway
1985,Women,Ingrid Kristiansen,https://upload.wikimedia.org/wikipedia/commons/d/d9/Flag_of_Norway.svg,NOR,02:21:06,https://raw.githubusercontent.com/cristiroma/countries/master/data/flags/PNG-128/NO-128.png,Norway
1986,Women,Grete Waitz,https://upload.wikimedia.org/wikipedia/commons/d/d9/Flag_of_Norway.svg,NOR,02:24:54,https://raw.githubusercontent.com/cristiroma/countries/master/data/flags/PNG-128/NO-128.png,Norway
1987,Women,Ingrid Kristiansen,https://upload.wikimedia.org/wikipedia/commons/d/d9/Flag_of_Norway.svg,NOR,02:22:48,https://raw.githubusercontent.com/cristiroma/countries/master/data/flags/PNG-128/NO-128.png,Norway
1988,Women,Ingrid Kristiansen,https://upload.wikimedia.org/wikipedia/commons/d/d9/Flag_of_Norway.svg,NOR,02:25:41,https://raw.githubusercontent.com/cristiroma/countries/master/data/flags/PNG-128/NO-128.png,Norway
1989,Women,Véronique Marot,https://upload.wikimedia.org/wikipedia/en/a/ae/Flag_of_the_United_Kingdom.svg,UK,02:25:56,https://raw.githubusercontent.com/cristiroma/countries/master/data/flags/PNG-128/UK-128.png,United Kingdom
1990,Women,Wanda Panfil,https://upload.wikimedia.org/wikipedia/en/1/12/Flag_of_Poland.svg,POL,02:26:31,https://raw.githubusercontent.com/cristiroma/countries/master/data/flags/PNG-128/PL-128.png,Poland
1991,Women,Rosa Mota,https://upload.wikimedia.org/wikipedia/commons/5/5c/Flag_of_Portugal.svg,PRT,02:26:14,https://raw.githubusercontent.com/cristiroma/countries/master/data/flags/PNG-128/PT-128.png,Portugal
1992,Women,Katrin Dörre-Heinig,https://upload.wikimedia.org/wikipedia/en/b/ba/Flag_of_Germany.svg,DEU,02:29:39,https://raw.githubusercontent.com/cristiroma/countries/master/data/flags/PNG-128/DE-128.png,Germany
1993,Women,Katrin Dörre-Heinig,https://upload.wikimedia.org/wikipedia/en/b/ba/Flag_of_Germany.svg,DEU,02:27:09,https://raw.githubusercontent.com/cristiroma/countries/master/data/flags/PNG-128/DE-128.png,Germany
1994,Women,Katrin Dörre-Heinig,https://upload.wikimedia.org/wikipedia/en/b/ba/Flag_of_Germany.svg,DEU,02:32:34,https://raw.githubusercontent.com/cristiroma/countries/master/data/flags/PNG-128/DE-128.png,Germany
1995,Women,Małgorzata Sobańska,https://upload.wikimedia.org/wikipedia/en/1/12/Flag_of_Poland.svg,POL,02:27:43,https://raw.githubusercontent.com/cristiroma/countries/master/data/flags/PNG-128/PL-128.png,Poland
1996,Women,Liz McColgan,https://upload.wikimedia.org/wikipedia/en/a/ae/Flag_of_the_United_Kingdom.svg,UK,02:27:54,https://raw.githubusercontent.com/cristiroma/countries/master/data/flags/PNG-128/UK-128.png,United Kingdom
1997,Women,Joyce Chepchumba,https://upload.wikimedia.org/wikipedia/commons/4/49/Flag_of_Kenya.svg,KEN,02:26:51,https://raw.githubusercontent.com/cristiroma/countries/master/data/flags/PNG-128/KE-128.png,Kenya
1998,Women,Catherina McKiernan,https://upload.wikimedia.org/wikipedia/commons/4/45/Flag_of_Ireland.svg,IRL,02:26:26,https://raw.githubusercontent.com/cristiroma/countries/master/data/flags/PNG-128/IE-128.png,Ireland
1999,Women,Joyce Chepchumba,https://upload.wikimedia.org/wikipedia/commons/4/49/Flag_of_Kenya.svg,KEN,02:23:22,https://raw.githubusercontent.com/cristiroma/countries/master/data/flags/PNG-128/KE-128.png,Kenya
2000,Women,Tegla Loroupe,https://upload.wikimedia.org/wikipedia/commons/4/49/Flag_of_Kenya.svg,KEN,02:24:33,https://raw.githubusercontent.com/cristiroma/countries/master/data/flags/PNG-128/KE-128.png,Kenya
2001,Women,Derartu Tulu,https://upload.wikimedia.org/wikipedia/commons/7/71/Flag_of_Ethiopia.svg,ETH,02:23:57,https://raw.githubusercontent.com/cristiroma/countries/master/data/flags/PNG-128/ET-128.png,Ethiopia
2002,Women,Paula Radcliffe,https://upload.wikimedia.org/wikipedia/en/a/ae/Flag_of_the_United_Kingdom.svg,UK,02:18:56,https://raw.githubusercontent.com/cristiroma/countries/master/data/flags/PNG-128/UK-128.png,United Kingdom
2003,Women,Paula Radcliffe,https://upload.wikimedia.org/wikipedia/en/a/ae/Flag_of_the_United_Kingdom.svg,UK,02:15:25,https://raw.githubusercontent.com/cristiroma/countries/master/data/flags/PNG-128/UK-128.png,United Kingdom
2004,Women,Margaret Okayo,https://upload.wikimedia.org/wikipedia/commons/4/49/Flag_of_Kenya.svg,KEN,02:22:35,https://raw.githubusercontent.com/cristiroma/countries/master/data/flags/PNG-128/KE-128.png,Kenya
2005,Women,Paula Radcliffe,https://upload.wikimedia.org/wikipedia/en/a/ae/Flag_of_the_United_Kingdom.svg,UK,02:17:42,https://raw.githubusercontent.com/cristiroma/countries/master/data/flags/PNG-128/UK-128.png,United Kingdom
2006,Women,Deena Kastor,https://upload.wikimedia.org/wikipedia/en/a/a4/Flag_of_the_United_States.svg,USA,02:19:35,https://raw.githubusercontent.com/cristiroma/countries/master/data/flags/PNG-128/US-128.png,United States
2007,Women,Zhou Chunxiu,https://upload.wikimedia.org/wikipedia/commons/f/fa/Flag_of_the_People%27s_Republic_of_China.svg,CHN,02:20:38,https://raw.githubusercontent.com/cristiroma/countries/master/data/flags/PNG-128/CN-128.png,China
2008,Women,Irina Mikitenko,https://upload.wikimedia.org/wikipedia/en/b/ba/Flag_of_Germany.svg,DEU,02:24:14,https://raw.githubusercontent.com/cristiroma/countries/master/data/flags/PNG-128/DE-128.png,Germany
2009,Women,Irina Mikitenko,https://upload.wikimedia.org/wikipedia/en/b/ba/Flag_of_Germany.svg,DEU,02:22:11,https://raw.githubusercontent.com/cristiroma/countries/master/data/flags/PNG-128/DE-128.png,Germany
2010,Women,Aselefech Mergia,https://upload.wikimedia.org/wikipedia/commons/7/71/Flag_of_Ethiopia.svg,ETH,02:22:38,https://raw.githubusercontent.com/cristiroma/countries/master/data/flags/PNG-128/ET-128.png,Ethiopia
2011,Women,Mary Jepkosgei Keitany,https://upload.wikimedia.org/wikipedia/commons/4/49/Flag_of_Kenya.svg,KEN,02:19:19,https://raw.githubusercontent.com/cristiroma/countries/master/data/flags/PNG-128/KE-128.png,Kenya
2012,Women,Mary Jepkosgei Keitany,https://upload.wikimedia.org/wikipedia/commons/4/49/Flag_of_Kenya.svg,KEN,02:18:37,https://raw.githubusercontent.com/cristiroma/countries/master/data/flags/PNG-128/KE-128.png,Kenya
2013,Women,Priscah Jeptoo,https://upload.wikimedia.org/wikipedia/commons/4/49/Flag_of_Kenya.svg,KEN,02:20:15,https://raw.githubusercontent.com/cristiroma/countries/master/data/flags/PNG-128/KE-128.png,Kenya
2014,Women,Edna Kiplagat,https://upload.wikimedia.org/wikipedia/commons/4/49/Flag_of_Kenya.svg,KEN,02:20:21,https://raw.githubusercontent.com/cristiroma/countries/master/data/flags/PNG-128/KE-128.png,Kenya
2015,Women,Tigist Tufa,https://upload.wikimedia.org/wikipedia/commons/7/71/Flag_of_Ethiopia.svg,ETH,02:23:21,https://raw.githubusercontent.com/cristiroma/countries/master/data/flags/PNG-128/ET-128.png,Ethiopia
2016,Women,Jemima Sumgong,https://upload.wikimedia.org/wikipedia/commons/4/49/Flag_of_Kenya.svg,KEN,02:22:58,https://raw.githubusercontent.com/cristiroma/countries/master/data/flags/PNG-128/KE-128.png,Kenya
2017,Women,Mary Jepkosgei Keitany,https://upload.wikimedia.org/wikipedia/commons/4/49/Flag_of_Kenya.svg,KEN,02:17:01,https://raw.githubusercontent.com/cristiroma/countries/master/data/flags/PNG-128/KE-128.png,Kenya
2018,Women,Vivian Cheruiyot,https://upload.wikimedia.org/wikipedia/commons/4/49/Flag_of_Kenya.svg,KEN,02:18:31,https://raw.githubusercontent.com/cristiroma/countries/master/data/flags/PNG-128/KE-128.png,Kenya
2019,Women,Brigid Kosgei,https://upload.wikimedia.org/wikipedia/commons/4/49/Flag_of_Kenya.svg,KEN,02:18:20,https://raw.githubusercontent.com/cristiroma/countries/master/data/flags/PNG-128/KE-128.png,Kenya
2020,Women,Brigid Kosgei,https://upload.wikimedia.org/wikipedia/commons/4/49/Flag_of_Kenya.svg,KEN,02:18:58,https://raw.githubusercontent.com/cristiroma/countries/master/data/flags/PNG-128/KE-128.png,Kenya
2021,Women,Joyciline Jepkosgei,https://upload.wikimedia.org/wikipedia/commons/4/49/Flag_of_Kenya.svg,KEN,02:17:43,https://raw.githubusercontent.com/cristiroma/countries/master/data/flags/PNG-128/KE-128.png,Kenya
2022,Women,Yalemzerf Yehualaw,https://upload.wikimedia.org/wikipedia/commons/7/71/Flag_of_Ethiopia.svg,ETH,02:17:26,https://raw.githubusercontent.com/cristiroma/countries/master/data/flags/PNG-128/ET-128.png,Ethiopia
1983,Wheelchair Men,Gordon Perry,https://upload.wikimedia.org/wikipedia/en/a/ae/Flag_of_the_United_Kingdom.svg,UK,03:20:07,https://raw.githubusercontent.com/cristiroma/countries/master/data/flags/PNG-128/UK-128.png,United Kingdom
1984,Wheelchair Men,Kevin Breen,https://upload.wikimedia.org/wikipedia/commons/4/45/Flag_of_Ireland.svg,IRL,02:38:40,https://raw.githubusercontent.com/cristiroma/countries/master/data/flags/PNG-128/IE-128.png,Ireland
1985,Wheelchair Men,Chris Hallam,https://upload.wikimedia.org/wikipedia/en/a/ae/Flag_of_the_United_Kingdom.svg,UK,02:19:53,https://raw.githubusercontent.com/cristiroma/countries/master/data/flags/PNG-128/UK-128.png,United Kingdom
1986,Wheelchair Men,Gerry O'Rourke,https://upload.wikimedia.org/wikipedia/commons/4/45/Flag_of_Ireland.svg,IRL,02:26:38,https://raw.githubusercontent.com/cristiroma/countries/master/data/flags/PNG-128/IE-128.png,Ireland
1987,Wheelchair Men,Chris Hallam,https://upload.wikimedia.org/wikipedia/en/a/ae/Flag_of_the_United_Kingdom.svg,UK,02:08:34,https://raw.githubusercontent.com/cristiroma/countries/master/data/flags/PNG-128/UK-128.png,United Kingdom
1988,Wheelchair Men,Ted Vince,https://upload.wikimedia.org/wikipedia/en/c/cf/Flag_of_Canada.svg,CAN,02:01:37,https://raw.githubusercontent.com/cristiroma/countries/master/data/flags/PNG-128/CA-128.png,Canada
1989,Wheelchair Men,David Holding,https://upload.wikimedia.org/wikipedia/en/a/ae/Flag_of_the_United_Kingdom.svg,UK,01:59:31,https://raw.githubusercontent.com/cristiroma/countries/master/data/flags/PNG-128/UK-128.png,United Kingdom
1990,Wheelchair Men,Håkan Ericsson,https://upload.wikimedia.org/wikipedia/en/4/4c/Flag_of_Sweden.svg,SWE,01:57:12,https://raw.githubusercontent.com/cristiroma/countries/master/data/flags/PNG-128/SE-128.png,Sweden
1991,Wheelchair Men,Farid Amarouche,https://upload.wikimedia.org/wikipedia/en/c/c3/Flag_of_France.svg,FRA,01:52:52,https://raw.githubusercontent.com/cristiroma/countries/master/data/flags/PNG-128/FR-128.png,France
1992,Wheelchair Men,Daniel Wesley,https://upload.wikimedia.org/wikipedia/en/c/cf/Flag_of_Canada.svg,CAN,01:51:42,https://raw.githubusercontent.com/cristiroma/countries/master/data/flags/PNG-128/CA-128.png,Canada
1993,Wheelchair Men,George Vandamme,https://upload.wikimedia.org/wikipedia/commons/9/92/Flag_of_Belgium_%28civil%29.svg,BEL,01:44:10,https://raw.githubusercontent.com/cristiroma/countries/master/data/flags/PNG-128/BE-128.png,Belgium
1994,Wheelchair Men,David Holding,https://upload.wikimedia.org/wikipedia/en/a/ae/Flag_of_the_United_Kingdom.svg,UK,01:46:06,https://raw.githubusercontent.com/cristiroma/countries/master/data/flags/PNG-128/UK-128.png,United Kingdom
1995,Wheelchair Men,Heinz Frei,https://upload.wikimedia.org/wikipedia/commons/0/08/Flag_of_Switzerland_%28Pantone%29.svg,CHE,01:39:14,https://raw.githubusercontent.com/cristiroma/countries/master/data/flags/PNG-128/CH-128.png,Switzerland
1996,Wheelchair Men,David Holding,https://upload.wikimedia.org/wikipedia/en/a/ae/Flag_of_the_United_Kingdom.svg,UK,01:43:48,https://raw.githubusercontent.com/cristiroma/countries/master/data/flags/PNG-128/UK-128.png,United Kingdom
1997,Wheelchair Men,David Holding,https://upload.wikimedia.org/wikipedia/en/a/ae/Flag_of_the_United_Kingdom.svg,UK,01:42:15,https://raw.githubusercontent.com/cristiroma/countries/master/data/flags/PNG-128/UK-128.png,United Kingdom
1998,Wheelchair Men,Heinz Frei,https://upload.wikimedia.org/wikipedia/commons/0/08/Flag_of_Switzerland_%28Pantone%29.svg,CHE,01:35:18,https://raw.githubusercontent.com/cristiroma/countries/master/data/flags/PNG-128/CH-128.png,Switzerland
1999,Wheelchair Men,Heinz Frei,https://upload.wikimedia.org/wikipedia/commons/0/08/Flag_of_Switzerland_%28Pantone%29.svg,CHE,01:35:27,https://raw.githubusercontent.com/cristiroma/countries/master/data/flags/PNG-128/CH-128.png,Switzerland
2000,Wheelchair Men,Kevin Papworth,https://upload.wikimedia.org/wikipedia/en/a/ae/Flag_of_the_United_Kingdom.svg,UK,01:41:50,https://raw.githubusercontent.com/cristiroma/countries/master/data/flags/PNG-128/UK-128.png,United Kingdom
2001,Wheelchair Men,Denis Lemeunier,https://upload.wikimedia.org/wikipedia/en/c/c3/Flag_of_France.svg,FRA,01:42:37,https://raw.githubusercontent.com/cristiroma/countries/master/data/flags/PNG-128/FR-128.png,France
2002,Wheelchair Men,David Weir,https://upload.wikimedia.org/wikipedia/en/a/ae/Flag_of_the_United_Kingdom.svg,UK,01:39:44,https://raw.githubusercontent.com/cristiroma/countries/master/data/flags/PNG-128/UK-128.png,United Kingdom
2003,Wheelchair Men,Joël Jeannot,https://upload.wikimedia.org/wikipedia/en/c/c3/Flag_of_France.svg,FRA,01:32:02,https://raw.githubusercontent.com/cristiroma/countries/master/data/flags/PNG-128/FR-128.png,France
2004,Wheelchair Men,Saúl Mendoza,https://upload.wikimedia.org/wikipedia/commons/f/fc/Flag_of_Mexico.svg,MEX,01:36:56,https://raw.githubusercontent.com/cristiroma/countries/master/data/flags/PNG-128/MX-128.png,Mexico
2005,Wheelchair Men,Saúl Mendoza,https://upload.wikimedia.org/wikipedia/commons/f/fc/Flag_of_Mexico.svg,MEX,01:35:51,https://raw.githubusercontent.com/cristiroma/countries/master/data/flags/PNG-128/MX-128.png,Mexico
2006,Wheelchair Men,David Weir,https://upload.wikimedia.org/wikipedia/en/a/ae/Flag_of_the_United_Kingdom.svg,UK,01:29:48,https://raw.githubusercontent.com/cristiroma/countries/master/data/flags/PNG-128/UK-128.png,United Kingdom
2007,Wheelchair Men,David Weir,https://upload.wikimedia.org/wikipedia/en/a/ae/Flag_of_the_United_Kingdom.svg,UK,01:30:51,https://raw.githubusercontent.com/cristiroma/countries/master/data/flags/PNG-128/UK-128.png,United Kingdom
2008,Wheelchair Men,David Weir,https://upload.wikimedia.org/wikipedia/en/a/ae/Flag_of_the_United_Kingdom.svg,UK,01:33:56,https://raw.githubusercontent.com/cristiroma/countries/master/data/flags/PNG-128/UK-128.png,United Kingdom
2009,Wheelchair Men,Kurt Fearnley,https://upload.wikimedia.org/wikipedia/commons/8/88/Flag_of_Australia_%28converted%29.svg,AUS,01:28:57,https://raw.githubusercontent.com/cristiroma/countries/master/data/flags/PNG-128/AU-128.png,Australia
2010,Wheelchair Men,Josh Cassidy,https://upload.wikimedia.org/wikipedia/en/c/cf/Flag_of_Canada.svg,CAN,01:35:21,https://raw.githubusercontent.com/cristiroma/countries/master/data/flags/PNG-128/CA-128.png,Canada
2011,Wheelchair Men,David Weir,https://upload.wikimedia.org/wikipedia/en/a/ae/Flag_of_the_United_Kingdom.svg,UK,01:30:05,https://raw.githubusercontent.com/cristiroma/countries/master/data/flags/PNG-128/UK-128.png,United Kingdom
2012,Wheelchair Men,David Weir,https://upload.wikimedia.org/wikipedia/en/a/ae/Flag_of_the_United_Kingdom.svg,UK,01:32:26,https://raw.githubusercontent.com/cristiroma/countries/master/data/flags/PNG-128/UK-128.png,United Kingdom
2013,Wheelchair Men,Kurt Fearnley,https://upload.wikimedia.org/wikipedia/commons/8/88/Flag_of_Australia_%28converted%29.svg,AUS,01:31:29,https://raw.githubusercontent.com/cristiroma/countries/master/data/flags/PNG-128/AU-128.png,Australia
2014,Wheelchair Men,Marcel Hug,https://upload.wikimedia.org/wikipedia/commons/0/08/Flag_of_Switzerland_%28Pantone%29.svg,CHE,01:32:41,https://raw.githubusercontent.com/cristiroma/countries/master/data/flags/PNG-128/CH-128.png,Switzerland
2015,Wheelchair Men,Josh George,https://upload.wikimedia.org/wikipedia/en/a/a4/Flag_of_the_United_States.svg,USA,01:31:31,https://raw.githubusercontent.com/cristiroma/countries/master/data/flags/PNG-128/US-128.png,United States
2016,Wheelchair Men,Marcel Hug,https://upload.wikimedia.org/wikipedia/commons/0/08/Flag_of_Switzerland_%28Pantone%29.svg,CHE,01:35:19,https://raw.githubusercontent.com/cristiroma/countries/master/data/flags/PNG-128/CH-128.png,Switzerland
2017,Wheelchair Men,David Weir,https://upload.wikimedia.org/wikipedia/en/a/ae/Flag_of_the_United_Kingdom.svg,UK,01:31:06,https://raw.githubusercontent.com/cristiroma/countries/master/data/flags/PNG-128/UK-128.png,United Kingdom
2018,Wheelchair Men,David Weir,https://upload.wikimedia.org/wikipedia/en/a/ae/Flag_of_the_United_Kingdom.svg,UK,01:31:15,https://raw.githubusercontent.com/cristiroma/countries/master/data/flags/PNG-128/UK-128.png,United Kingdom
2019,Wheelchair Men,Daniel Romanchuk,https://upload.wikimedia.org/wikipedia/en/a/a4/Flag_of_the_United_States.svg,USA,01:33:37,https://raw.githubusercontent.com/cristiroma/countries/master/data/flags/PNG-128/US-128.png,United States
2020,Wheelchair Men,Brent Lakatos,https://upload.wikimedia.org/wikipedia/en/c/cf/Flag_of_Canada.svg,CAN,01:36:04,https://raw.githubusercontent.com/cristiroma/countries/master/data/flags/PNG-128/CA-128.png,Canada
2021,Wheelchair Men,Marcel Hug,https://upload.wikimedia.org/wikipedia/commons/0/08/Flag_of_Switzerland_%28Pantone%29.svg,CHE,01:26:27,https://raw.githubusercontent.com/cristiroma/countries/master/data/flags/PNG-128/CH-128.png,Switzerland
1983,Wheelchair Women,Denise Smith,https://upload.wikimedia.org/wikipedia/en/a/ae/Flag_of_the_United_Kingdom.svg,UK,04:29:03,https://raw.githubusercontent.com/cristiroma/countries/master/data/flags/PNG-128/UK-128.png,United Kingdom
1984,Wheelchair Women,Kay McShane,https://upload.wikimedia.org/wikipedia/commons/4/45/Flag_of_Ireland.svg,IRL,03:10:04,https://raw.githubusercontent.com/cristiroma/countries/master/data/flags/PNG-128/IE-128.png,Ireland
1985,Wheelchair Women,Kay McShane,https://upload.wikimedia.org/wikipedia/commons/4/45/Flag_of_Ireland.svg,IRL,02:47:12,https://raw.githubusercontent.com/cristiroma/countries/master/data/flags/PNG-128/IE-128.png,Ireland
1986,Wheelchair Women,Kay McShane,https://upload.wikimedia.org/wikipedia/commons/4/45/Flag_of_Ireland.svg,IRL,03:02:40,https://raw.githubusercontent.com/cristiroma/countries/master/data/flags/PNG-128/IE-128.png,Ireland
1987,Wheelchair Women,Karen Davidson,https://upload.wikimedia.org/wikipedia/en/a/ae/Flag_of_the_United_Kingdom.svg,UK,02:45:30,https://raw.githubusercontent.com/cristiroma/countries/master/data/flags/PNG-128/UK-128.png,United Kingdom
1988,Wheelchair Women,Karen Davidson,https://upload.wikimedia.org/wikipedia/en/a/ae/Flag_of_the_United_Kingdom.svg,UK,02:41:45,https://raw.githubusercontent.com/cristiroma/countries/master/data/flags/PNG-128/UK-128.png,United Kingdom
1989,Wheelchair Women,Josie Cichockyj,https://upload.wikimedia.org/wikipedia/en/a/ae/Flag_of_the_United_Kingdom.svg,UK,03:03:54,https://raw.githubusercontent.com/cristiroma/countries/master/data/flags/PNG-128/UK-128.png,United Kingdom
1990,Wheelchair Women,Connie Hansen,https://upload.wikimedia.org/wikipedia/commons/9/9c/Flag_of_Denmark.svg,DNK,02:10:25,https://raw.githubusercontent.com/cristiroma/countries/master/data/flags/PNG-128/DK-128.png,Denmark
1991,Wheelchair Women,Connie Hansen,https://upload.wikimedia.org/wikipedia/commons/9/9c/Flag_of_Denmark.svg,DNK,02:04:40,https://raw.githubusercontent.com/cristiroma/countries/master/data/flags/PNG-128/DK-128.png,Denmark
1992,Wheelchair Women,Tanni Grey-Thompson,https://upload.wikimedia.org/wikipedia/en/a/ae/Flag_of_the_United_Kingdom.svg,UK,02:17:23,https://raw.githubusercontent.com/cristiroma/countries/master/data/flags/PNG-128/UK-128.png,United Kingdom
1993,Wheelchair Women,Rose Hill,https://upload.wikimedia.org/wikipedia/en/a/ae/Flag_of_the_United_Kingdom.svg,UK,02:03:05,https://raw.githubusercontent.com/cristiroma/countries/master/data/flags/PNG-128/UK-128.png,United Kingdom
1994,Wheelchair Women,Tanni Grey-Thompson,https://upload.wikimedia.org/wikipedia/en/a/ae/Flag_of_the_United_Kingdom.svg,UK,02:08:26,https://raw.githubusercontent.com/cristiroma/countries/master/data/flags/PNG-128/UK-128.png,United Kingdom
1995,Wheelchair Women,Rose Hill,https://upload.wikimedia.org/wikipedia/en/a/ae/Flag_of_the_United_Kingdom.svg,UK,02:17:02,https://raw.githubusercontent.com/cristiroma/countries/master/data/flags/PNG-128/UK-128.png,United Kingdom
1996,Wheelchair Women,Tanni Grey-Thompson,https://upload.wikimedia.org/wikipedia/en/a/ae/Flag_of_the_United_Kingdom.svg,UK,02:00:10,https://raw.githubusercontent.com/cristiroma/countries/master/data/flags/PNG-128/UK-128.png,United Kingdom
1997,Wheelchair Women,Monica Wetterström,https://upload.wikimedia.org/wikipedia/en/4/4c/Flag_of_Sweden.svg,SWE,01:49:09,https://raw.githubusercontent.com/cristiroma/countries/master/data/flags/PNG-128/SE-128.png,Sweden
1998,Wheelchair Women,Tanni Grey-Thompson,https://upload.wikimedia.org/wikipedia/en/a/ae/Flag_of_the_United_Kingdom.svg,UK,02:02:01,https://raw.githubusercontent.com/cristiroma/countries/master/data/flags/PNG-128/UK-128.png,United Kingdom
1999,Wheelchair Women,Monica Wetterström,https://upload.wikimedia.org/wikipedia/en/4/4c/Flag_of_Sweden.svg,SWE,01:57:38,https://raw.githubusercontent.com/cristiroma/countries/master/data/flags/PNG-128/SE-128.png,Sweden
2000,Wheelchair Women,Sarah Piercy,https://upload.wikimedia.org/wikipedia/en/a/ae/Flag_of_the_United_Kingdom.svg,UK,02:23:30,https://raw.githubusercontent.com/cristiroma/countries/master/data/flags/PNG-128/UK-128.png,United Kingdom
2001,Wheelchair Women,Tanni Grey-Thompson,https://upload.wikimedia.org/wikipedia/en/a/ae/Flag_of_the_United_Kingdom.svg,UK,02:13:55,https://raw.githubusercontent.com/cristiroma/countries/master/data/flags/PNG-128/UK-128.png,United Kingdom
2002,Wheelchair Women,Tanni Grey-Thompson,https://upload.wikimedia.org/wikipedia/en/a/ae/Flag_of_the_United_Kingdom.svg,UK,02:22:51,https://raw.githubusercontent.com/cristiroma/countries/master/data/flags/PNG-128/UK-128.png,United Kingdom
2003,Wheelchair Women,Francesca Porcellato,https://upload.wikimedia.org/wikipedia/en/0/03/Flag_of_Italy.svg,ITA,02:04:21,https://raw.githubusercontent.com/cristiroma/countries/master/data/flags/PNG-128/IT-128.png,Italy
2004,Wheelchair Women,Francesca Porcellato,https://upload.wikimedia.org/wikipedia/en/0/03/Flag_of_Italy.svg,ITA,02:04:58,https://raw.githubusercontent.com/cristiroma/countries/master/data/flags/PNG-128/IT-128.png,Italy
2005,Wheelchair Women,Francesca Porcellato,https://upload.wikimedia.org/wikipedia/en/0/03/Flag_of_Italy.svg,ITA,01:57:00,https://raw.githubusercontent.com/cristiroma/countries/master/data/flags/PNG-128/IT-128.png,Italy
2006,Wheelchair Women,Francesca Porcellato,https://upload.wikimedia.org/wikipedia/en/0/03/Flag_of_Italy.svg,ITA,01:59:57,https://raw.githubusercontent.com/cristiroma/countries/master/data/flags/PNG-128/IT-128.png,Italy
2007,Wheelchair Women,Shelly Woods,https://upload.wikimedia.org/wikipedia/en/a/ae/Flag_of_the_United_Kingdom.svg,UK,01:50:40,https://raw.githubusercontent.com/cristiroma/countries/master/data/flags/PNG-128/UK-128.png,United Kingdom
2008,Wheelchair Women,Sandra Graf,https://upload.wikimedia.org/wikipedia/commons/0/08/Flag_of_Switzerland_%28Pantone%29.svg,CHE,01:48:04,https://raw.githubusercontent.com/cristiroma/countries/master/data/flags/PNG-128/CH-128.png,Switzerland
2009,Wheelchair Women,Amanda McGrory,https://upload.wikimedia.org/wikipedia/en/a/a4/Flag_of_the_United_States.svg,USA,01:50:39,https://raw.githubusercontent.com/cristiroma/countries/master/data/flags/PNG-128/US-128.png,United States
2010,Wheelchair Women,Wakako Tsuchida,https://upload.wikimedia.org/wikipedia/en/9/9e/Flag_of_Japan.svg,JPN,01:52:33,https://raw.githubusercontent.com/cristiroma/countries/master/data/flags/PNG-128/JP-128.png,Japan
2011,Wheelchair Women,Amanda McGrory,https://upload.wikimedia.org/wikipedia/en/a/a4/Flag_of_the_United_States.svg,USA,01:46:31,https://raw.githubusercontent.com/cristiroma/countries/master/data/flags/PNG-128/US-128.png,United States
2012,Wheelchair Women,Shelly Woods,https://upload.wikimedia.org/wikipedia/en/a/ae/Flag_of_the_United_Kingdom.svg,UK,01:49:10,https://raw.githubusercontent.com/cristiroma/countries/master/data/flags/PNG-128/UK-128.png,United Kingdom
2013,Wheelchair Women,Tatyana McFadden,https://upload.wikimedia.org/wikipedia/en/a/a4/Flag_of_the_United_States.svg,USA,01:46:02,https://raw.githubusercontent.com/cristiroma/countries/master/data/flags/PNG-128/US-128.png,United States
2014,Wheelchair Women,Tatyana McFadden,https://upload.wikimedia.org/wikipedia/en/a/a4/Flag_of_the_United_States.svg,USA,01:45:12,https://raw.githubusercontent.com/cristiroma/countries/master/data/flags/PNG-128/US-128.png,United States
2015,Wheelchair Women,Tatyana McFadden,https://upload.wikimedia.org/wikipedia/en/a/a4/Flag_of_the_United_States.svg,USA,01:41:14,https://raw.githubusercontent.com/cristiroma/countries/master/data/flags/PNG-128/US-128.png,United States
2016,Wheelchair Women,Tatyana McFadden,https://upload.wikimedia.org/wikipedia/en/a/a4/Flag_of_the_United_States.svg,USA,01:44:14,https://raw.githubusercontent.com/cristiroma/countries/master/data/flags/PNG-128/US-128.png,United States
2017,Wheelchair Women,Manuela Schär,https://upload.wikimedia.org/wikipedia/commons/0/08/Flag_of_Switzerland_%28Pantone%29.svg,CHE,01:39:57,https://raw.githubusercontent.com/cristiroma/countries/master/data/flags/PNG-128/CH-128.png,Switzerland
2018,Wheelchair Women,Madison de Rozario,https://upload.wikimedia.org/wikipedia/commons/8/88/Flag_of_Australia_%28converted%29.svg,AUS,01:42:58,https://raw.githubusercontent.com/cristiroma/countries/master/data/flags/PNG-128/AU-128.png,Australia
2019,Wheelchair Women,Manuela Schär,https://upload.wikimedia.org/wikipedia/commons/0/08/Flag_of_Switzerland_%28Pantone%29.svg,CHE,01:44:09,https://raw.githubusercontent.com/cristiroma/countries/master/data/flags/PNG-128/CH-128.png,Switzerland
2020,Wheelchair Women,Nikita den Boer,https://upload.wikimedia.org/wikipedia/commons/2/20/Flag_of_the_Netherlands.svg,NLD,01:40:07,https://raw.githubusercontent.com/cristiroma/countries/master/data/flags/PNG-128/NL-128.png,Netherlands
2021,Wheelchair Women,Manuela Schär,https://upload.wikimedia.org/wikipedia/commons/0/08/Flag_of_Switzerland_%28Pantone%29.svg,CHE,01:39:52,https://raw.githubusercontent.com/cristiroma/countries/master/data/flags/PNG-128/CH-128.png,Switzerland
